CHROM	START	STOP	PEAK_POS	PEAK_DELTA_SI	BRM_THRESHOLD
Cp4.1LG00	47856954	48956954	48606954	0.289349	0.219064
Cp4.1LG01	7150527	14050527	9500527	0.402610	0.218489
Cp4.1LG01	14350527	16150527	14800527	0.365046	0.217390
Cp4.1LG04	4750273	7450273	5800273	-0.330654	0.213549
Cp4.1LG05	569	750569	569	0.255532	0.217145
Cp4.1LG08	6271052	9571052	8421052	-0.356532	0.218862
Cp4.1LG11	2851441	5851441	5201441	-0.256916	0.218085
Cp4.1LG13	6897996	7897996	7547996	-0.237776	0.217252
Cp4.1LG14	18809	2768809	2018809	0.303616	0.219129
Cp4.1LG16	4851394	8601394	8601394	0.282283	0.217168
Cp4.1LG18	7054832	8304832	8304832	0.266972	0.219123
